"String ID","Source text","Translation","Context","Path","Filename"
"1","0","0","","SYSTEM","0000.wav"
"2","1","1","","SYSTEM","0001.wav"
"3","2","2","","SYSTEM","0002.wav"
"4","3","3","","SYSTEM","0003.wav"
"5","4","4","","SYSTEM","0004.wav"
"6","5","5","","SYSTEM","0005.wav"
"7","6","6","","SYSTEM","0006.wav"
"8","7","7","","SYSTEM","0007.wav"
"9","8","8","","SYSTEM","0008.wav"
"10","9","9","","SYSTEM","0009.wav"
"11","10","10","","SYSTEM","0010.wav"
"12","11","11","","SYSTEM","0011.wav"
"13","12","12","","SYSTEM","0012.wav"
"14","13","13","","SYSTEM","0013.wav"
"15","14","14","","SYSTEM","0014.wav"
"16","15","15","","SYSTEM","0015.wav"
"17","16","16","","SYSTEM","0016.wav"
"18","17","17","","SYSTEM","0017.wav"
"19","18","18","","SYSTEM","0018.wav"
"20","19","19","","SYSTEM","0019.wav"
"21","20","20","","SYSTEM","0020.wav"
"22","21","21","","SYSTEM","0021.wav"
"23","22","22","","SYSTEM","0022.wav"
"24","23","23","","SYSTEM","0023.wav"
"25","24","24","","SYSTEM","0024.wav"
"26","25","25","","SYSTEM","0025.wav"
"27","26","26","","SYSTEM","0026.wav"
"28","27","27","","SYSTEM","0027.wav"
"29","28","28","","SYSTEM","0028.wav"
"30","29","29","","SYSTEM","0029.wav"
"31","30","30","","SYSTEM","0030.wav"
"32","31","31","","SYSTEM","0031.wav"
"33","32","32","","SYSTEM","0032.wav"
"34","33","33","","SYSTEM","0033.wav"
"35","34","34","","SYSTEM","0034.wav"
"36","35","35","","SYSTEM","0035.wav"
"37","36","36","","SYSTEM","0036.wav"
"38","37","37","","SYSTEM","0037.wav"
"39","38","38","","SYSTEM","0038.wav"
"40","39","39","","SYSTEM","0039.wav"
"41","40","40","","SYSTEM","0040.wav"
"42","41","41","","SYSTEM","0041.wav"
"43","42","42","","SYSTEM","0042.wav"
"44","43","43","","SYSTEM","0043.wav"
"45","44","44","","SYSTEM","0044.wav"
"46","45","45","","SYSTEM","0045.wav"
"47","46","46","","SYSTEM","0046.wav"
"48","47","47","","SYSTEM","0047.wav"
"49","48","48","","SYSTEM","0048.wav"
"50","49","49","","SYSTEM","0049.wav"
"51","50","50","","SYSTEM","0050.wav"
"52","51","51","","SYSTEM","0051.wav"
"53","52","52","","SYSTEM","0052.wav"
"54","53","53","","SYSTEM","0053.wav"
"55","54","54","","SYSTEM","0054.wav"
"56","55","55","","SYSTEM","0055.wav"
"57","56","56","","SYSTEM","0056.wav"
"58","57","57","","SYSTEM","0057.wav"
"59","58","58","","SYSTEM","0058.wav"
"60","59","59","","SYSTEM","0059.wav"
"61","60","60","","SYSTEM","0060.wav"
"62","61","61","","SYSTEM","0061.wav"
"63","62","62","","SYSTEM","0062.wav"
"64","63","63","","SYSTEM","0063.wav"
"65","64","64","","SYSTEM","0064.wav"
"66","65","65","","SYSTEM","0065.wav"
"67","66","66","","SYSTEM","0066.wav"
"68","67","67","","SYSTEM","0067.wav"
"69","68","68","","SYSTEM","0068.wav"
"70","69","69","","SYSTEM","0069.wav"
"71","70","70","","SYSTEM","0070.wav"
"72","71","71","","SYSTEM","0071.wav"
"73","72","72","","SYSTEM","0072.wav"
"74","73","73","","SYSTEM","0073.wav"
"75","74","74","","SYSTEM","0074.wav"
"76","75","75","","SYSTEM","0075.wav"
"77","76","76","","SYSTEM","0076.wav"
"78","77","77","","SYSTEM","0077.wav"
"79","78","78","","SYSTEM","0078.wav"
"80","79","79","","SYSTEM","0079.wav"
"81","80","80","","SYSTEM","0080.wav"
"82","81","81","","SYSTEM","0081.wav"
"83","82","82","","SYSTEM","0082.wav"
"84","83","83","","SYSTEM","0083.wav"
"85","84","84","","SYSTEM","0084.wav"
"86","85","85","","SYSTEM","0085.wav"
"87","86","86","","SYSTEM","0086.wav"
"88","87","87","","SYSTEM","0087.wav"
"89","88","88","","SYSTEM","0088.wav"
"90","89","89","","SYSTEM","0089.wav"
"91","90","90","","SYSTEM","0090.wav"
"92","91","91","","SYSTEM","0091.wav"
"93","92","92","","SYSTEM","0092.wav"
"94","93","93","","SYSTEM","0093.wav"
"95","94","94","","SYSTEM","0094.wav"
"96","95","95","","SYSTEM","0095.wav"
"97","96","96","","SYSTEM","0096.wav"
"98","97","97","","SYSTEM","0097.wav"
"99","98","98","","SYSTEM","0098.wav"
"100","99","99","","SYSTEM","0099.wav"
"101","100","100","","SYSTEM","0100.wav"
"102","200","200","","SYSTEM","0101.wav"
"103","300","300","","SYSTEM","0102.wav"
"104","400","400","","SYSTEM","0103.wav"
"105","500","500","","SYSTEM","0104.wav"
"106","600","600","","SYSTEM","0105.wav"
"107","700","700","","SYSTEM","0106.wav"
"108","800","800","","SYSTEM","0107.wav"
"109","900","900","","SYSTEM","0108.wav"
"110","thousand","mille","","SYSTEM","0109.wav"
"111","and","et","","SYSTEM","0110.wav"
"112","minus","moins","","SYSTEM","0111.wav"
"113","point","virgule","","SYSTEM","0112.wav"
"114","volt","volt","","SYSTEM","volt0.wav"
"115","volts","volts","","SYSTEM","volt1.wav"
"116","amp","ampère","","SYSTEM","amp0.wav"
"117","amps","ampères","","SYSTEM","amp1.wav"
"118","milliamp","milliampère","","SYSTEM","mamp0.wav"
"119","milliamps","milliampères","","SYSTEM","mamp1.wav"
"120","knot","nœud","","SYSTEM","knot0.wav"
"121","knots","nœuds","","SYSTEM","knot1.wav"
"122","meter per second","mètre par seconde","","SYSTEM","mps0.wav"
"123","meters per second","mètres par seconde","","SYSTEM","mps1.wav"
"124","foot per second","pied par seconde","","SYSTEM","fps0.wav"
"125","feet per second","pieds par seconde","","SYSTEM","fps1.wav"
"126","kilometer per hour","kilomètre par heure","","SYSTEM","kph0.wav"
"127","kilometers per hour","kilomètres par heure","","SYSTEM","kph1.wav"
"128","mile per hour","mille par heure","","SYSTEM","mph0.wav"
"129","miles per hour","milles par heure","","SYSTEM","mph1.wav"
"130","meter","mètre","","SYSTEM","meter0.wav"
"131","meters","mètres","","SYSTEM","meter1.wav"
"132","foot","pied","","SYSTEM","foot0.wav"
"133","feet","pieds","","SYSTEM","foot1.wav"
"134","degree celsius","degré Celsius","","SYSTEM","celsius0.wav"
"135","degrees celsius","degrés Celsius","","SYSTEM","celsius1.wav"
"136","degree fahrenheit","degré Fahrenheit","","SYSTEM","fahr0.wav"
"137","degrees fahrenheit","degrés Fahrenheit","","SYSTEM","fahr1.wav"
"138","percent","pour cent","","SYSTEM","percent0.wav"
"139","percent","pour cent","","SYSTEM","percent1.wav"
"140","milliamp-hour","milliampère heure","","SYSTEM","mamph0.wav"
"141","milliamp-hours","milliampères heures","","SYSTEM","mamph1.wav"
"142","watt","watt","","SYSTEM","watt0.wav"
"143","watts","watts","","SYSTEM","watt1.wav"
"144","milli-watt","milliwatt","","SYSTEM","mwatt0.wav"
"145","milli-watts","milliwatts","","SYSTEM","mwatt1.wav"
"146","DB","D B","","SYSTEM","db0.wav"
"147","DB","D B","","SYSTEM","db1.wav"
"148","RPM","R P M","","SYSTEM","rpm0.wav"
"149","RPM","R P M","","SYSTEM","rpm1.wav"
"150","G","G","","SYSTEM","g0.wav"
"151","G","G","","SYSTEM","g1.wav"
"152","degree","degré","","SYSTEM","degree0.wav"
"153","degrees","degrés","","SYSTEM","degree1.wav"
"154","radian","radian","","SYSTEM","rad0.wav"
"155","radians","radians","","SYSTEM","rad1.wav"
"156","millilitre","millilitre","","SYSTEM","ml0.wav"
"157","millilitres","millilitres","","SYSTEM","ml1.wav"
"158","fluid ounce","once liquide","","SYSTEM","founce0.wav"
"159","fluid ounces","onces liquides","","SYSTEM","founce1.wav"
"160","millilitre per minute","millilitres par minute","","SYSTEM","mlpm0.wav"
"161","millilitres per minute","millilitres par minute","","SYSTEM","mlpm1.wav"
"162","hertz","hertz","","SYSTEM","hertz0.wav"
"163","hertz","hertz","","SYSTEM","hertz1.wav"
"164","milli-second","milliseconde","","SYSTEM","ms0.wav"
"165","milli-seconds","millisecondes","","SYSTEM","ms1.wav"
"166","microsecond","microseconde","","SYSTEM","us0.wav"
"167","microseconds","microsecondes","","SYSTEM","us1.wav"
"168","hour","heure","","SYSTEM","hour0.wav"
"169","hours","heures","","SYSTEM","hour1.wav"
"170","minute","minute","","SYSTEM","minute0.wav"
"171","minutes","minutes","","SYSTEM","minute1.wav"
"172","second","seconde","","SYSTEM","second0.wav"
"173","seconds","secondes","","SYSTEM","second1.wav"
"174","point zero","virgule zéro","","SYSTEM","0167.wav"
"175","point one","virgule un","","SYSTEM","0168.wav"
"176","point two","virgule deux","","SYSTEM","0169.wav"
"177","point three","virgule trois","","SYSTEM","0170.wav"
"178","point four","virgule quatre","","SYSTEM","0171.wav"
"179","point five","virgule cinq","","SYSTEM","0172.wav"
"180","point six","virgule six","","SYSTEM","0173.wav"
"181","point seven","virgule sept","","SYSTEM","0174.wav"
"182","point eight","virgule huit","","SYSTEM","0175.wav"
"183","point nine","virgule neuf","","SYSTEM","0176.wav"
"184","trim center","trim centré","","SYSTEM","midtrim.wav"
"185","maximum trim reached","trim maximum atteint","","SYSTEM","maxtrim.wav"
"186","minimum trim reached","trim minimum atteint","","SYSTEM","mintrim.wav"
"187","timer 1 elapsed","minuteur un écoulé","","SYSTEM","timovr1.wav"
"188","timer 2 elapsed","minuteur deux écoulé","","SYSTEM","timovr2.wav"
"189","timer 3 elapsed","minuteur trois écoulé","","SYSTEM","timovr3.wav"
"190","transmitter battery low","batterie émetteur faible","","SYSTEM","lowbatt.wav"
"191","inactivity alarm","alarme d'inactivité","","SYSTEM","inactiv.wav"
"192","throttle warning","alerte gaz","","SYSTEM","thralert.wav"
"193","switch warning","alerte interrupteur","","SYSTEM","swalert.wav"
"194","bad eeprom","E E P R O M corrompue","","SYSTEM","eebad.wav"
"195","Welcome to EdgeTX","Bienvennue sur Edgetéhix Mathys","","SYSTEM","hello.wav"
"196","RF signal low","signal radio faible","","SYSTEM","rssi_org.wav"
"197","RF signal critical","signal radio critique","","SYSTEM","rssi_red.wav"
"198","radio antenna defective","antenne radio défectueuse","","SYSTEM","swr_red.wav"
"199","telemetry lost","télémétrie perdue","","SYSTEM","telemko.wav"
"200","telemetry recovered","télémétrie récupérée","","SYSTEM","telemok.wav"
"201","Trainer connected","formateur connecté","","SYSTEM","trainco.wav"
"202","trainer signal lost","signal formateur perdu","","SYSTEM","trainko.wav"
"203","trainer signal recovered","signal formateur récupéré","","SYSTEM","trainok.wav"
"204","sensor lost","capteur perdu","","SYSTEM","sensorko.wav"
"205","servo overload","surcharge servo","","SYSTEM","servoko.wav"
"206","power overload","surcharge puissance","","SYSTEM","rxko.wav"
"207","receiver still connected","récepteur encore connecté","","SYSTEM","modelpwr.wav"
"208","armed","armé","","","armed.wav"
"209","disarmed","désarmé","","","disarm.wav"
"210","throttle cut","gaz coupé","","","thrcut.wav"
"211","throttle active","gaz actif","","","thract.wav"
"212","gear up","train rentré","plane","","gearup.wav"
"213","gear down","train baissé","plane","","geardn.wav"
"214","flaps up","vollets relevés","plane","","flapup.wav"
"215","flaps down","vollets baissés","plane","","flapdn.wav"
"216","spoiler up","spoiler relevé","","","splrup.wav"
"217","spoiler down","spoiler baissé","","","splrdn.wav"
"218","trainer on","formateur activé","","","trnon.wav"
"219","trainer off","formateur coupé","","","trnoff.wav"
"220","engine off","moteur coupé","","","engoff.wav"
"221","too high","trop élevé","","","tohigh.wav"
"222","too low","trop bas","","","tolow.wav"
"223","low battery","batterie faible","","","lowbat.wav"
"224","crow on","couronne activée","","","crowon.wav"
"225","crow off","couronne coupée","","","crowof.wav"
"226","RF signal low","signal radio faible","rc-link","","siglow.wav"
"227","RF signal critical","signal radio critique","rc-link","","sigcrt.wav"
"228","LQ","L Q","rc-link","","lq.wav"
"229","RF mode","mode radio","rc-link","","rfmode.wav"
"230","high speed mode active","mode haute vitesse actif","rc-link","","spdmod.wav"
"231","thermal mode on","mode thermique activé","","","thmmod.wav"
"232","normal mode on","mode normal activé","","","nrmmod.wav"
"233","landing mode on","mode atterrissage activé","","","lnding.wav"
"234","acro mode on","mode acro activé","","","acro.wav"
"235","flight mode one","mode de vol un","","","fm-1.wav"
"236","flight mode two","mode de vol deux","","","fm-2.wav"
"237","flight mode three","mode de vol trois","","","fm-3.wav"
"238","flight mode four","mode de vol quatre","","","fm-4.wav"
"239","flight mode five","mode de vol cinq","","","fm-5.wav"
"240","flight mode six","mode de vol six","","","fm-6.wav"
"241","flight mode seven","mode de vol sept","","","fm-7.wav"
"242","flight mode eight","mode de vol huit","","","fm-8.wav"
"243","vario on","vario activé","","","vrion.wav"
"244","vario off","vario coupé","","","vrioff.wav"
"245","flight mode power","mode de vol puissance","","","fm-pwr.wav"
"246","flight mode land","mode de vol atterrissage","","","fm-lnd.wav"
"247","flight mode float","mode de vol float","","","fm-flt.wav"
"248","flight mode speed","mode de vol sport","","","fm-spd.wav"
"249","flight mode fast","mode de vol rapide","","","fm-fst.wav"
"250","flight mode normal","mode de vol normal","","","fm-nrm.wav"
"251","flight mode cruise","mode de vol croisière","","","fm-crs.wav"
"252","flight mode acro","mode de vol acro","","","fm-acr.wav"
"253","flight mode race","mode de vol course","","","fm-rce.wav"
"254","flight mode launch","mode de vol départ","","","fm-lch.wav"
"255","flight mode ping","mode de vol ping","","","fm-png.wav"
"256","flight mode thermal","mode de vol thermique","","","fm-thm.wav"
"257","flight mode thermal left","mode de vol thermique gauche","","","fm-thl.wav"
"258","flight mode thermal right","mode de vol thermique droit","","","fm-thr.wav"
"259","flight mode stabilise","mode de vol stabilisé","","","fm-stb.wav"
"260","flight mode horizon","mode de vol horizon","","","fm-hor.wav"
"261","flight mode angle","mode de vol angle","","","fm-ang.wav"
"262","flight mode idle up 1","mode de vol ralenti haut un","","","fm-id1.wav"
"263","flight mode idle up 2","mode de vol ralenti haut deux","","","fm-id2.wav"
"264","low rate","reilte basse","","","ratlow.wav"
"265","medium rate","reilte moyenne","","","ratmed.wav"
"266","high rate","reilte élevée","","","rathi.wav"
"267","take off","décollage","","","takeof.wav"
"268","sport","sport","","","sport.wav"
"269","pattern","patte","","","pattrn.wav"
"270","3D","trois D","","","3d.wav"
"271","landing","atterrissage","","","landin.wav"
"272","idle up 1","ralenti haut un","","","idleu1.wav"
"273","idle up 2","ralenti haut deux","","","idleu2.wav"
"274","normal mode","mode normal","","","normod.wav"
"275","bank 0","page zéro","","","bank-0.wav"
"276","bank 1","page un","","","bank-1.wav"
"277","bank 2","page deux","","","bank-2.wav"
"278","bank 3","page trois","","","bank-3.wav"
"279","heading lock","verrouillage de cap","","","headlo.wav"
"280","rate mode","mode reilte","","","ratmod.wav"
"281","3D Mode","mode trois D","","","3d-mod.wav"
"282","stabilise mode","mode stabilisé","","","stabmo.wav"
"283","on","activé","","","on.wav"
"284","off","coupé","","","off.wav"
"285","buzzer active","buzzer activé","","","buzact.wav"
"286","crash-flip active","retournement anti-crash actif","multicopter","","crfact.wav"
"287","blackbox active","blackbox activée","","","blkact.wav"
"288","pre-arm active","pré-armement actif","","","preact.wav"
"289","stable mode","mode stable","","","stbmod.wav"
"290","brakes on","freins activés","plane","","brakon.wav"
"291","brakes off","freins coupés","plane","","brakof.wav"
"292","butterfly on","papillon activé","","","btfon.wav"
"293","butterfly off","papillon coupé","","","btfoff.wav"
"294","flaps one","vollet (1)","plane","","flp1.wav"
"295","flaps two","vollets deux","plane","","flp2.wav"
"296","flaps three","vollets trois","plane","","flp3.wav"
"297","flaps four","vollets quatre","plane","","flp4.wav"
"298","flaps five","vollets cinq","plane","","flp5.wav"
"299","wingsweep","balayage d'ailes","plane","","wngswp.wav"
"300","wheelbrakes on","freins de roues activés","plane","","whlbro.wav"
"301","wheelbrakes off","freins de roues coupés","plane","","whlbrf.wav"
"302","manual mode","mode manuel","","","manmod.wav"
"303","acro mode","mode acro","","","acrmod.wav"
"304","angle mode","mode angle","","","angmod.wav"
"305","horizon mode","mode horizon","","","hznmod.wav"
"306","launch mode","mode départ","","","lncmod.wav"
"307","air mode","mode air","","","airmod.wav"
"308","pit mode","mode fosse","","","pitmod.wav"
"309","navigation cruise","nav croisière","autopilot","","navcrs.wav"
"310","navigation course hold","nav maintien de cap","autopilot","","navcsh.wav"
"311","navigation altitude hold","nav maintien d'altitude","autopilot","","navalh.wav"
"312","navigation position hold","nav maintien de position","autopilot","","navpos.wav"
"313","navigation return to home","nav retour au point de départ","autopilot","","navrth.wav"
"314","navigation waypoint","nav point de passage","autopilot","","navwp.wav"
"315","cruise","croisière","autopilot","","cruise.wav"
"316","course hold","maintien de cap","autopilot","","crshld.wav"
"317","altitude hold","maintien d'altitude","autopilot","","althld.wav"
"318","position hold","maintien de position","autopilot","","poshld.wav"
"319","return to home","retour au point de départ","autopilot","","rth.wav"
"320","waypoint","point de passage","autopilot","","waypnt.wav"
"321","manual","manuel","","","manual.wav"
"322","auto","auto","","","auto.wav"
"323","OSD","O S D","video","","osd.wav"
"324","OSD profile","profil O S D","video","","osdprf.wav"
"325","attitude hold mode","mode maintien d'attitude","autopilot","","sxrahd.wav"
"326","manual mode","mode manuel","","","sxrman.wav"
"327","stabiliser mode","mode stabilisateur","","","sxrsmd.wav"
"328","stabiliser off","stabilisateur coupé","","","sxrsof.wav"
"329","stabiliser on","stabilisateur activé","","","sxrstb.wav"
"330","wind rejection mode","mode rejet de vent","","","sxrwr.wav"
"331","turtle mode on","mode tortue activé","multicopter","","turton.wav"
"332","turtle mode off","mode tortue coupé","multicopter","","turtof.wav"
"333","flip","retournement","","","flip.wav"
"334","autorotation","autorotation","heli","","auro.wav"
"335","failsafe active","failsafe actif","","","fsact.wav"
"336","failsafe off","failsafe coupé","","","fsoff.wav"
"337","OSD Profile 1","profil O S D un","video","","osd1.wav"
"338","OSD Profile 2","profil O S D deux","video","","osd2.wav"
"339","OSD Profile 3","profil O S D trois","video","","osd3.wav"
"340","rate profile 1","profil de taux un","","","rates1.wav"
"341","rate profile 2","profil de taux deux","","","rates2.wav"
"342","rate profile 3","profil de taux trois","","","rates3.wav"
"343","rate profile 4","profil de taux quatre","","","rates4.wav"
"344","rate profile 5","profil de taux cinq","","","rates5.wav"
"345","rate profile 6","profil de taux six","","","rates6.wav"
"346","stick commands disabled","commandes stick désactivées","","","scmdof.wav"
"347","stick commands enabled","commandes stick activées","","","scmdon.wav"
"348","telemetry","télémétrie","","","telem.wav"
"349","telemetry logging on","enregistrement télémétrie activé","","","tlogon.wav"
"350","telemetry logging off","enregistrement télémétrie coupé","","","tlogof.wav"
"351","VTX","V-T-X","video","","vtx.wav"
"352","VTX on","VTX activé","video","","vtxon.wav"
"353","VTX off","VTX coupé","video","","vtxoff.wav"
"354","VTX 25 milliwatts","V-T-X vingt cinq milliwatts","video","","vtx25.wav"
"355","VTX 50 milliwatts","V-T-X cinquante milliwatts","video","","vtx50.wav"
"356","VTX 100 milliwatts","V-T-X cent milliwatts","video","","vtx100.wav"
"357","VTX 200 milliwatts","V-T-X deux cents milliwatts","video","","vtx200.wav"
"358","VTX 300 milliwatts","V-T-X trois cents milliwatts","video","","vtx300.wav"
"359","VTX 400 milliwatts","V-T-X quatre cents milliwatts","video","","vtx400.wav"
"360","VTX 500 milliwatts","V-T-X cinq cents milliwatts","video","","vtx500.wav"
"361","VTX 600 milliwatts","V-T-X six cents milliwatts","video","","vtx600.wav"
"362","VTX 700 milliwatts","V-T-X sept cents milliwatts","video","","vtx700.wav"
"363","VTX 800 milliwatts","V-T-X huit cents milliwatts","video","","vtx800.wav"
"364","VTX 900 milliwatts","V-T-X neuf cents milliwatts","video","","vtx900.wav"
"365","VTX Pit Mode","V-T-X pite mode","video","","vtxpm.wav"
"366","VTX Race Mode","VTX mode course","video","","vtxrm.wav"
"367","VTX 1 watt","VTX un watt","video","","vtx1w.wav"
"368","VTX 2 watts","VTX deux watts","video","","vtx2w.wav"
"369","VTX 4 watts","VTX quatre watts","video","","vtx4w.wav"
"370","critical low battery","batterie critique","","","clobat.wav"
"371","start","départ","","","start.wav"
"372","stop","stop","","","stop.wav"
"373","lights on","feux allumés","","","lghton.wav"
"374","lights off","feux coupés","","","lghtof.wav"
"375","buzzer off","buzzer coupé","","","buzoff.wav"
"376","dynamic TX power","puissance émetteur dynamique","rc-link","","dyntxp.wav"
"377","maximum TX power","puissance émetteur maximum","rc-link","","maxtxp.wav"
"378","throttle hold","gaz maintenu","plane/heli","","thrhld.wav"
"379","throttle idle","gaz au ralenti","plane/heli","","thridl.wav"
"380","throttle release","gaz relâché","plane/heli","","thrrel.wav"
"381","negative pitch allowed","pas négatif autorisé","heli","","negpon.wav"
"382","negative pitch disallowed","pas négatif interdit","heli","","negpof.wav"
"383","autolaunch started","départ automatique démarré","autopilot","","alnch.wav"
"384","rescue mode active","mode rescue actif","autopilot","","rscmon.wav"
"385","rescue mode off","mode rescue coupé","autopilot","","rscmof.wav"
"386","headfree mode active","mode headfree actif","multicopter","","hdfmon.wav"
"387","headfree mode off","mode headfree coupé","multicopter","","hdfmof.wav"
"388","heading adjust","ajustement de cap","multicopter","","hdadj.wav"
"389","FPV angle mix active","mix FPV angle actif","multicopter","","agmxon.wav"
"390","FPV angle mix off","mix FPV angle coupé","multicopter","","agmxof.wav"
"391","air mode on","mode air activé","","","airmon.wav"
"392","air mode off","mode air coupé","","","airmof.wav"
"393","OSD on","O S D activé","video","","osdon.wav"
"394","OSD off","O S D coupé","video","","osdoff.wav"
"395","return to home started","retour au point de départ démarré","autopilot","","rthstr.wav"
"396","return to home stopped","retour au point de départ interrompu","autopilot","","rthstp.wav"
"397","waypoint navigation started","navigation point de passage démarrée","autopilot","","wpnstr.wav"
"398","waypoint navigation stopped","navigation point de passage interrompue","autopilot","","wpnstp.wav"
"399","course hold active","maintien de cap actif","autopilot","","crshon.wav"
"400","course hold off","maintien de cap coupé","autopilot","","crshof.wav"
"401","position hold active","maintien de position actif","autopilot","","poshon.wav"
"402","position hold off","maintien de position coupé","autopilot","","poshof.wav"
"403","altitude hold active","maintien d'altitude actif","autopilot","","althon.wav"
"404","altitude hold off","maintien d'altitude coupé","autopilot","","althof.wav"
"405","loiter","stationnaire","autopilot","","loiter.wav"
"406","safety on","protection activée","","","sftyon.wav"
"407","safety off","protection coupée","","","sftyof.wav"
"408","SAFE on","sécurité activé","plane","","safeon.wav"
"409","SAFE off","sécurité coupé","plane","","safeof.wav"
"410","flight envelope protection active","protection enveloppe de vol active","plane","","fepact.wav"
"411","flight envelope protection off","protection enveloppe de vol coupée","plane","","fepoff.wav"
"412","timer 1 reset","minuteur un réinitialisé","","","timrs1.wav"
"413","timer 2 reset","minuteur deux réinitialisé","","","timrs2.wav"
"414","timer 3 reset","minuteur trois réinitialisé","","","timrs3.wav"
"415","expo 1","expo un","","","expo1.wav"
"416","expo 2","expo deux","","","expo2.wav"
"417","expo 3","expo trois","","","expo3.wav"
"418","active","actif","","","active.wav"
"419","deactivated","désactivé","","","deact.wav"
"420","enabled","activé","","","enabl.wav"
"421","disabled","désactivé","","","disabl.wav"
"422","good","bon","","","good.wav"
"423","bad","mauvais","","","bad.wav"
"424","normal","normal","","","normal.wav"
"425","warning","alerte","","","warnng.wav"
"426","danger","danger","","","danger.wav"
"427","ready to fly","prêt à voler","","","ready.wav"
"428","home reset","point de départ réinitialisé","","","homrst.wav"
"429","GPS","GPS","","","gps.wav"
"430","GPS on","GPS activé","","","gpson.wav"
"431","GPS off","GPS coupé","","","gpsoff.wav"
"432","VTX Frequency R1","fréquence V-T-X R-1","video","","vtxfr1.wav"
"433","VTX Frequency R2","fréquence V-T-X R-2","video","","vtxfr2.wav"
"434","VTX Frequency R3","fréquence V-T-X R-3","video","","vtxfr3.wav"
"435","VTX Frequency R4","fréquence V-T-X R-4","video","","vtxfr4.wav"
"436","VTX Frequency R5","fréquence V-T-X R-5","video","","vtxfr5.wav"
"437","VTX Frequency R6","fréquence V-T-X R6","video","","vtxfr6.wav"
"438","VTX Frequency R7","fréquence V-T-X R-7","video","","vtxfr7.wav"
"439","VTX Frequency R8","fréquence V-T-X R-8","video","","vtxfr8.wav"
"440","VTX Maximum Power","VTX puissance maximum","video","","vtxmax.wav"
"441","blackbox erase","blackbox effacée","","","blkers.wav"
"442","acro trainer mode","mode acro formateur","","","actnmd.wav"
"443","Camera wifi button","bouton wifi caméra","camera","","cwifi.wav"
"444","Camera power button","bouton alimentation caméra","camera","","cpower.wav"
"445","Camera change mode","changement de mode caméra","camera","","cmode.wav"
"446","Camera start","caméra démarrée","camera","","cstart.wav"
"447","Camera stop","caméra arrêtée","camera","","cstop.wav"
"448","Recording start","enregistrement démarré","","","recsrt.wav"
"449","Recording stop","enregistrement arrêté","","","recstp.wav"
"450","Start recording","enregistrement démarré","","","strtrc.wav"
"451","Stop recording","enregistrement arrêté","","","stoprc.wav"
"452","DBM","D B M","","SYSTEM","dbm0.wav"
"453","DBM","D B M","","SYSTEM","dbm1.wav"
"454","kilometer","kilomètre","","SYSTEM","km0.wav"
"455","kilometers","kilomètres","","SYSTEM","km1.wav"
"456","Reverse Thrust","poussée arrière","plane","","revthr.wav"
"457","Reverse Thrust On","poussée arrière activée","plane","","revon.wav"
"458","Reverse Thrust Off","poussée arrière coupée","plane","","revoff.wav"
"459","Reverse Thrust Idle","poussée arrière au ralenti","plane","","revid.wav"
"460","Forward Thrust","poussée avant","plane","","revfwd.wav"
"461","telemetry connected","télémétrie connectée","","SYSTEM","telemco.wav"
"462","level mode","mode niveau","flight controller","","lvlmod.wav"
"463","diffs locked","diffs verrouillés","car","","difloc.wav"
"464","diffs unlocked","diffs déverrouillés","car","","difulc.wav"
"465","engine start","moteur démarré","car","","engsrt.wav"
"466","engine stop","moteur arrêté","car","","engstp.wav"
"467","engine on","moteur allumé","car","","engon.wav"
"468","Turn signals on","feux de direction allumés","car","","turnon.wav"
"469","Turn signals off","feux de direction coupés","car","","turnof.wav"
"470","High gear","vitesse haute","car","","highgr.wav"
"471","Low gear","vitesse basse","car","","lowgr.wav"
"472","Dig mode","mode excavation","car","","digmod.wav"
"473","Two wheel drive","deux roues motrices","car","","2wd.wav"
"474","Four wheel drive","quatre roues motrices","car","","4wd.wav"
"475","Winch in","treuil en remontée","car","","wchin.wav"
"476","Winch out","treuil en descente","car","","wchout.wav"
"477","Front Steer","direction avant","car","","str-f.wav"
"478","Rear Steer","direction arrière","car","","str-r.wav"
"479","Four Wheel Steer","quatre roues directrices","car","","str-4w.wav"
"480","Mirror Steer","direction miroir","car","","str-mr.wav"
"481","Crab Steer","dérive latérale","car","","str-cr.wav"
"482","Motor armed","moteur armé","soaretx","","motarm.wav"
"483","Power","puissance","soaretx","","power.wav"
"484","Speed","vitesse","soaretx","","speed.wav"
"485","Thermal","thermique","soaretx","","therml.wav"
"486","Front wheel drive","transmission avant","car","","fwd.wav"
"487","Rear wheel drive","transmission arrière","car","","rwd.wav"
"488","All wheel drive","quatre roues motrices","car","","awd.wav"
"489","Throttle enabled","gaz activé","car","","thren.wav"
"490","Throttle disabled","gaz désactivé","car","","thrdis.wav"
"491","Winch enabled","treuil activé","car","","wchen.wav"
"492","Winch disabled","treuil désactivé","car","","wchdis.wav"
"493","Drift mode on","mode drift activé","car","","drifon.wav"
"494","Drift mode off","mode drift coupé","car","","drifof.wav"
"495","Gyro enabled","gyro activé","","","gyroon.wav"
"496","Gyro disabled","gyro désactivé","","","gyroof.wav"
"497","Launch control active","départ contrôlé actif","","","launch.wav"
"498","Wet mode enabled","mode pluie activé","","","wetmde.wav"
"499","Max gyro","gyro maximum","","","maxgyr.wav"
"500","Max assistance","assistance maximum","","","maxast.wav"
"501","Overheating","surchauffe","","","overht.wav"
"502","Motor overheating","surchauffe moteur","","","mothot.wav"
"503","Drift Mode Enabled","mode drift activé","","","drifen.wav"
"504","Drift Mode Disabled","mode drift désactivé","","","drifdb.wav"
"505","Screenshot","capture d'écran","","","screns.wav"
"506","Cell","cellule","","","cell.wav"
"507","Transmitter Battery Low","batterie émetteur faible","","","txbatl.wav"
"508","Left","gauche","","","left.wav"
"509","Right","droite","","","right.wav"
"510","Shift","report","","","shift.wav"
"511","Stability Control On","stabilité activée","","","sbcton.wav"
"512","Stability Control Off","stabilité coupée","","","sbctof.wav"
"513","Stability Control Enabled","stabilité activée","","","sbcten.wav"
"514","Stability Control Disabled","stabilité désactivée","","","sbctdb.wav"
"515","Thermal Warning","alerte thermique","","","thmwrn.wav"
"516","Servo Overload","surcharge servo","","","srvovl.wav"
"517","BEC Overload","surcharge bec","","","becovl.wav"
"518","Stability Control","contrôle de stabilité","","","sbct.wav"
"519","Stability Control - Standard","stabilité standard","","","sbctst.wav"
"520","Gyro","gyro","","","gyro.wav"
"521","Low","basse","","","low.wav"
"522","Medium","moyenne","","","medium.wav"
"523","High","haute","","","high.wav"
"524","Standard","standard","","","stanrd.wav"
"525","Bash Mode","mode bash","car","","bashmd.wav"
"526","Race Mode","mode course","car","","racemd.wav"
"527","Chill Mode","mode chill","car","","chilmd.wav"
"528","Trainer Mode","mode formateur","car","","trnmd.wav"
"529","Speed Mode","mode vitesse","car","","spdmd.wav"
"530","City Mode","mode ville","car","","citymd.wav"
"531","Cruise Mode","mode croisière","car","","crusmd.wav"
"532","Flaps Middle","vollets moyens","plane","","flapmd.wav"
"533","Flaps Full","vollets complets","plane","","flapfl.wav"
"534","Motor On","moteur allumé","","","moton.wav"
"535","Motor Off","moteur coupé","","","motoff.wav"
"536","Motor Idle","moteur au ralenti","","","motidl.wav"
"537","Autorotation","autorotation","heli","","autor.wav"
"538","Rescue On","rescue activé","","","reson.wav"
"539","High Temperature","température élevée","","","htemp.wav"
"540","High Vibration","vibration élevée","","","hvibr.wav"
"541","Glow On","moteur thermique activé","","","glwon.wav"
"542","Glow Off","moteur thermique coupé","","","glwoff.wav"
"543","Glow Activated","moteur thermique activé","","","glwact.wav"
"544","Glow Deactivated","moteur thermique désactivé","","","glwdea.wav"
"545","Track Mode","mode piste","Car","","trkmd.wav"
"546","Drag brake","frein moteur","Car","","dbrk.wav"
"547","Drag brake on","frein moteur activé","Car","","dbrkon.wav"
"548","Drag brake off","frein moteur coupé","Car","","dbrkof.wav"
"549","Drag brake Low","frein moteur bas","Car","","dbrklw.wav"
"550","Drag brake Medium","frein moteur moyen","Car","","dbrkmd.wav"
"551","Drag brake High","frein moteur haut","Car","","dbrkhi.wav"
"552","Snapflap On","vollets activés","Plane","","snapfon.wav"
"553","Snapflap Off","vollets coupés","Plane","","snapfof.wav"
"554","Snapflap Low","vollets bas","Plane","","snapflo.wav"
"555","Snapflap High","vollets hauts","Plane","","snapfhi.wav"
"556","Auto tune","réglage automatique","Plane","","autotun.wav"
"557","Auto level trim","trim automatique de niveau","Plane","","alvltrim.wav"
"558","Servo auto trim","trim servo automatique","Plane","","srvatrim.wav"
"559","open","ouvert","","","open.wav"
"560","close","fermé","","","close.wav"
"561","locked","verrouillé","","","locked.wav"
"562","unlocked","déverrouillé","","","unlckd.wav"
"563","canopy","capot","","","canopy.wav"
"564","bind","liaison","","","bind.wav"
"565","wings extending","ailes en déploiement","","","vgext.wav"
"566","wings extended","ailes déployées","","","vgextd.wav"
"567","wings folding","ailes en repli","","","vgfold.wav"
"568","wings folded","ailes repliées","","","vgfldd.wav"
